{"nodes":{"node:21":{"location":{"x":2145,"y":672}},"node:26":{"location":{"x":2337,"y":672}},"node:3":{"location":{"x":2030,"y":672}}},"selection":["node:3"],"view":{"scroll":{"x":2280.485595703125,"y":469.4794921875},"zoom":1.24999988079071045}}